"","V1"
"sex",370
"umb",257
"mbl",252
"blr",231
"tum",231
"pos",221
"ost",218
"por",205
"fre",161
"ing",152
"orn",135
"htm",134
"000",129
"tml",129
"gal",127
"ies",126
"blo",121
"hot",120
"ent",114
"vid",106
"ate",100
"gir",96
"ter",96
"gay",92
"ler",92
"ure",92
"per",89
"new",87
"mat",82
"nde",82
"ree",79
"les",78
"ind",75
"ath",74
"lle",74
"pic",74
"adv",72
"res",72
"kin",71
"nas",71
"ian",69
"ers",67
"fuc",67
"dex",66
"een",65
"tag",65
"ack",64
"ama",64
"rie",64
"deo",63
"tee",63
"200",62
"ang",62
"irl",62
"son",62
"cat",61
"ear",61
"har",61
"rch",61
"tra",61
"age",59
"eri",57
"big",56
"xxx",56
"chi",55
"nud",55
"ver",55
"ide",54
"ion",52
"adu",51
"ite",51
"mda",51
"eur",50
"sit",50
"tur",50
"uck",50
"ard",49
"ber",49
"cha",49
"ics",49
"ist",49
"log",49
"teu",49
"mov",48
"oti",48
"vie",48
"exy",47
"rea",47
"tio",47
"web",47
"ero",46
"bes",45
"ati",44
"boo",44
"ome",43
"tin",43
"137",42
"ale",42
"cel",41
"ine",41
"lac",41
"man",41
"nge",41
"ore",41
"tit",41
"bab",40
"coc",40
"ict",40
"pus",40
"ame",39
"ana",39
"asi",39
"ctu",39
"ess",39
"hom",39
"int",39
"tic",39
"art",38
"bla",38
"cum",38
"ovi",38
"ude",38
"ant",37
"ass",37
"mal",37
"pho",37
"bia",36
"cks",36
"lin",36
"lov",36
"sea",36
"sho",36
"ssy",36
"var",36
"che",35
"rat",35
"rls",35
"cun",34
"gor",34
"mem",34
"683",33
"800",33
"ans",33
"dai",33
"dco",33
"eos",33
"esb",33
"inf",33
"pla",33
"ted",33
"434",32
"cam",32
"cor",32
"ick",32
"lon",32
"mil",32
"ran",32
"uss",32
"492",31
"cca",31
"ego",31
"fil",31
"ker",31
"lut",31
"mas",31
"men",31
"tis",31
"tte",31
"ttt",31
"08d",30
"0f0",30
"38e",30
"3bf",30
"3d8",30
"59e",30
"5a7",30
"90e",30
"ani",30
"arc",30
"bce",30
"c5d",30
"cdn",30
"d1e",30
"est",30
"f98",30
"gro",30
"luu",30
"ory",30
"oto",30
"r72",30
"ult",30
"ain",29
"daw",29
"fem",29
"lit",29
"lym",29
"nte",29
"ose",29
"rot",29
"sta",29
"ste",29
"als",28
"dia",28
"gra",28
"ina",28
"lat",28
"red",28
"rno",28
"wor",28
"ake",27
"hol",27
"hor",27
"ica",27
"ond",27
"tor",27
"ust",27
"008",26
"abe",26
"bel",26
"hat",26
"hen",26
"ire",26
"ish",26
"lic",26
"mar",26
"rac",26
"rou",26
"tho",26
"920",25
"ann",25
"chu",25
"dut",25
"elf",25
"gge",25
"ive",25
"min",25
"nal",25
"ons",25
"ove",25
"ple",25
"pro",25
"tar",25
"teg",25
"tes",25
"tre",25
"253",24
"bon",24
"boy",24
"car",24
"ebr",24
"ger",24
"han",24
"hoo",24
"ima",24
"iss",24
"nak",24
"one",24
"par",24
"pre",24
"tai",24
"tos",24
"ast",23
"bea",23
"can",23
"des",23
"ebs",23
"ema",23
"ens",23
"hem",23
"hos",23
"igh",23
"ity",23
"onl",23
"ont",23
"ort",23
"ous",23
"pag",23
"pan",23
"tie",23
"use",23
"11e",22
"295",22
"32f",22
"afe",22
"ash",22
"cai",22
"d03",22
"der",22
"gsp",22
"lid",22
"ock",22
"rip",22
"sia",22
"sse",22
"sti",22
"str",22
"tri",22
"ual",22
"139",21
"4a8",21
"4e8",21
"91e",21
"939",21
"9f8",21
"a26",21
"ali",21
"ars",21
"b1e",21
"ble",21
"cho",21
"cke",21
"d71",21
"eae",21
"ell",21
"epo",21
"ere",21
"hea",21
"hin",21
"irt",21
"lar",21
"ric",21
"sbi",21
"slu",21
"bas",20
"clu",20
"del",20
"eet",20
"eli",20
"eti",20
"fra",20
"ial",20
"jiz",20
"nse",20
"rdc",20
"ren",20
"sel",20
"tem",20
"ves",20
"ban",19
"ese",19
"ien",19
"ill",19
"mis",19
"ser",19
"spa",19
"tal",19
"tha",19
"ups",19
"138",18
"201",18
"ail",18
"ays",18
"con",18
"eas",18
"evi",18
"exp",18
"fet",18
"ght",18
"ink",18
"ked",18
"lis",18
"mon",18
"mpl",18
"nda",18
"sin",18
"sto",18
"swe",18
"ten",18
"und",18
"wmd",18
"209",17
"anc",17
"bre",17
"bri",17
"dat",17
"dir",17
"dul",17
"ead",17
"eam",17
"eed",17
"eve",17
"fac",17
"hes",17
"hiv",17
"iki",17
"ita",17
"itt",17
"lan",17
"low",17
"nta",17
"ram",17
"rin",17
"set",17
"thi",17
"aci",16
"agg",16
"ara",16
"aut",16
"bbw",16
"cki",16
"cli",16
"ebo",16
"exe",16
"fee",16
"gbg",16
"hic",16
"lea",16
"nfo",16
"ngs",16
"nti",16
"ode",16
"ong",16
"sco",16
"377",15
"adi",15
"atu",15
"avs",15
"chg",15
"col",15
"cut",15
"dan",15
"dic",15
"ele",15
"end",15
"err",15
"ert",15
"ett",15
"exh",15
"ful",15
"ifr",15
"ild",15
"ile",15
"jus",15
"lub",15
"lus",15
"mag",15
"oob",15
"rel",15
"see",15
"sio",15
"sty",15
"tea",15
"tle",15
"une",15
"216",14
"9fy",14
"ade",14
"ami",14
"amp",14
"ane",14
"ase",14
"ave",14
"bou",14
"ces",14
"cou",14
"cre",14
"cyb",14
"ect",14
"els",14
"era",14
"erl",14
"esc",14
"ffi",14
"fin",14
"gan",14
"ges",14
"get",14
"ini",14
"ipe",14
"iti",14
"liv",14
"lyw",14
"mys",14
"nce",14
"nie",14
"oll",14
"ood",14
"ool",14
"oth",14
"pri",14
"ria",14
"rti",14
"sca",14
"sch",14
"ski",14
"stu",14
"tom",14
"tub",14
"urs",14
"utt",14
"ven",14
"wom",14
"007",13
"130",13
"ar2",13
"bac",13
"cal",13
"cle",13
"cnl",13
"die",13
"dis",13
"dom",13
"eat",13
"edu",13
"emb",13
"erv",13
"ext",13
"exx",13
"fat",13
"gen",13
"ice",13
"leg",13
"let",13
"lni",13
"mes",13
"mme",13
"mom",13
"nat",13
"ngu",13
"nks",13
"nst",13
"ntr",13
"nts",13
"oda",13
"oys",13
"qua",13
"que",13
"ras",13
"ret",13
"sha",13
"sid",13
"sis",13
"spe",13
"top",13
"uni",13
"urc",13
"uzz",13
"wan",13
"205",12
"458",12
"act",12
"al6",12
"ark",12
"att",12
"bby",12
"bit",12
"c4u",12
"dad",12
"dag",12
"dar",12
"den",12
"eep",12
"eme",12
"emo",12
"fun",12
"ged",12
"iew",12
"ilf",12
"inc",12
"job",12
"kli",12
"lam",12
"lib",12
"llo",12
"lly",12
"lys",12
"mad",12
"met",12
"mod",12
"nis",12
"ora",12
"oun",12
"oup",12
"rit",12
"rom",12
"san",12
"ses",12
"ssi",12
"tch",12
"tow",12
"ugh",12
"ull",12
"wet",12
"wit",12
"009",11
"136",11
"194",11
"ado",11
"ari",11
"ary",11
"awq",11
"bat",11
"bca",11
"bru",11
"bus",11
"cas",11
"cia",11
"dil",11
"dow",11
"eal",11
"edi",11
"eho",11
"emi",11
"eni",11
"esi",11
"fec",11
"gba",11
"goo",11
"gre",11
"ift",11
"ins",11
"ise",11
"ith",11
"li5",11
"lik",11
"lmi",11
"mer",11
"mus",11
"nar",11
"nes",11
"nga",11
"nia",11
"old",11
"omo",11
"ona",11
"oss",11
"pet",11
"php",11
"plu",11
"pop",11
"ral",11
"rix",11
"rle",11
"run",11
"shi",11
"sol",11
"spo",11
"squ",11
"suc",11
"tas",11
"ton",11
"ttl",11
"ubb",11
"voy",11
"wer",11
"wil",11
"win",11
"ygi",11
"zc4",11
"128",10
"132",10
"133",10
"135",10
"146",10
"1jz",10
"376",10
"409",10
"aba",10
"ala",10
"ayb",10
"bad",10
"bds",10
"bra",10
"bro",10
"bub",10
"c00",10
"chr",10
"cra",10
"cti",10
"dmf",10
"dml",10
"duc",10
"dys",10
"eba",10
"ena",10
"ene",10
"eth",10
"ews",10
"exu",10
"gin",10
"gna",10
"gon",10
"hou",10
"hur",10
"ids",10
"ike",10
"ipp",10
"kit",10
"lad",10
"leb",10
"lip",10
"lkl",10
"lla",10
"los",10
"lyt",10
"mbe",10
"ndo",10
"ner",10
"nki",10
"nny",10
"nos",10
"oli",10
"omi",10
"ote",10
"otf",10
"otm",10
"pee",10
"pen",10
"pin",10
"pix",10
"rna",10
"rns",10
"sal",10
"siv",10
"sky",10
"tpo",10
"ube",10
"wik",10
"yho",10
"zlo",10
"013",9
"101",9
"127",9
"145",9
"149",9
"157",9
"1lt",9
"211",9
"2fp",9
"383",9
"392",9
"3zw",9
"4lw",9
"4wm",9
"4x1",9
"5mj",9
"808",9
"992",9
"9yd",9
"abd",9
"ach",9
"ada",9
"add",9
"ano",9
"ape",9
"awm",9
"bal",9
"bfx",9
"bie",9
"ca4",9
"cer",9
"coo",9
"cro",9
"cto",9
"day",9
"daz",9
"dcx",9
"ddi",9
"dol",9
"don",9
"dsm",9
"e64",9
"eac",9
"emm",9
"epi",9
"erc",9
"erp",9
"ery",9
"eso",9
"eul",9
"fbg",9
"fir",9
"gar",9
"gei",9
"i05",9
"i2z",9
"i44",9
"ier",9
"ife",9
"jmo",9
"len",9
"lig",9
"lse",9
"mc0",9
"mic",9
"mjk",9
"mqt",9
"mtf",9
"myb",9
"mze",9
"nam",9
"nic",9
"nig",9
"nna",9
"nni",9
"obs",9
"ogs",9
"ook",9
"ord",9
"pzd",9
"q3z",9
"rai",9
"rem",9
"rev",9
"ris",9
"roo",9
"rse",9
"sla",9
"sup",9
"tan",9
"tat",9
"tca",9
"tec",9
"tgp",9
"tim",9
"tiw",9
"tty",9
"twi",9
"ul9",9
"umz",9
"ung",9
"unt",9
"uti",9
"wlt",9
"wnf",9
"x29",9
"xtr",9
"y4z",9
"ybo",9
"yjf",9
"yms",9
"ypo",9
"zoe",9
"zwf",9
"00e",8
"122",8
"124",8
"140",8
"148",8
"159",8
"177",8
"207",8
"213",8
"226",8
"2bb",8
"4ce",8
"5f8",8
"abo",8
"ace",8
"aga",8
"ags",8
"aid",8
"al7",8
"al8",8
"ams",8
"aph",8
"aus",8
"bed",8
"bli",8
"cen",8
"ckb",8
"ckl",8
"d7b",8
"div",8
"dre",8
"eak",8
"ebe",8
"eek",8
"ein",8
"eon",8
"esh",8
"esp",8
"ets",8
"fis",8
"gag",8
"geo",8
"gle",8
"guy",8
"hee",8
"hit",8
"hon",8
"hts",8
"ich",8
"ici",8
"ili",8
"jap",8
"kat",8
"lay",8
"lia",8
"lls",8
"ltp",8
"mai",8
"mak",8
"meg",8
"mor",8
"naa",8
"nad",8
"nin",8
"nma",8
"non",8
"nth",8
"ogr",8
"oin",8
"ope",8
"ori",8
"pis",8
"pot",8
"pub",8
"pur",8
"ref",8
"rge",8
"ron",8
"rts",8
"rve",8
"sas",8
"sil",8
"smo",8
"sof",8
"som",8
"tel",8
"tou",8
"toy",8
"upl",8
"wal",8
"war",8
"xmo",8
"ymi",8
"011",7
"022",7
"024",7
"036",7
"040",7
"080",7
"134",7
"141",7
"198",7
"199",7
"20d",7
"212",7
"230",7
"250",7
"271",7
"6bb",7
"722",7
"94c",7
"977",7
"abl",7
"afd",7
"alo",7
"ank",7
"app",7
"arr",7
"din",7
"ean",7
"ecb",7
"ech",7
"efu",7
"ega",7
"egi",7
"elo",7
"ern",7
"ete",7
"exc",7
"fan",7
"fri",7
"fro",7
"gos",7
"got",7
"hai",7
"hel",7
"hig",7
"hti",7
"hub",7
"hug",7
"ico",7
"iqu",7
"kye",7
"las",7
"lde",7
"lga",7
"lie",7
"lor",7
"med",7
"mit",7
"ndi",7
"nel",7
"neu",7
"ngb",7
"nli",7
"nlo",7
"npo",7
"oek",7
"oke",7
"olu",7
"oni",7
"onn",7
"oot",7
"ots",7
"oug",7
"qui",7
"rar",7
"rdp",7
"rec",7
"rid",7
"rny",7
"rty",7
"rvi",7
"sed",7
"sim",7
"ssa",7
"sts",7
"svi",7
"tbo",7
"tti",7
"uch",7
"uel",7
"uit",7
"ulj",7
"unc",7
"ura",7
"usc",7
"uth",7
"uts",7
"vat",7
"vir",7
"wat",7
"xpo",7
"xvi",7
"xyb",7
"ybl",7
"001",6
"002",6
"005",6
"010",6
"012",6
"021",6
"045",6
"060",6
"064",6
"085",6
"090",6
"091",6
"094",6
"100",6
"103",6
"107",6
"109",6
"116",6
"131",6
"143",6
"150",6
"156",6
"160",6
"161",6
"174",6
"176",6
"19f",6
"1d0",6
"206",6
"241",6
"279",6
"339",6
"373",6
"381",6
"389",6
"496",6
"4ac",6
"500",6
"511",6
"545",6
"699",6
"729",6
"747",6
"771",6
"790",6
"912",6
"agi",6
"air",6
"alb",6
"amb",6
"apo",6
"arl",6
"atr",6
"ats",6
"b5d",6
"b80",6
"bar",6
"bee",6
"bib",6
"bin",6
"bor",6
"c1i",6
"cap",6
"cce",6
"cgi",6
"cit",6
"cky",6
"cla",6
"cru",6
"cul",6
"cur",6
"dee",6
"def",6
"dem",6
"dio",6
"dit",6
"dmi",6
"dri",6
"dse",6
"eau",6
"ebc",6
"ebl",6
"edh",6
"eel",6
"eer",6
"ege",6
"ela",6
"elp",6
"ely",6
"emp",6
"en1",6
"erg",6
"etu",6
"euk",6
"ewe",6
"exa",6
"exo",6
"eye",6
"fal",6
"fas",6
"fig",6
"fla",6
"flo",6
"gat",6
"gel",6
"hav",6
"hop",6
"hre",6
"ibl",6
"ibr",6
"ifu",6
"ino",6
"irs",6
"ism",6
"itc",6
"ito",6
"ivi",6
"jac",6
"jen",6
"jes",6
"jeu",6
"kan",6
"ken",6
"kes",6
"kol",6
"l9f",6
"lai",6
"lec",6
"lee",6
"lel",6
"lmo",6
"lom",6
"ltq",6
"ltr",6
"lts",6
"lum",6
"mac",6
"mel",6
"mik",6
"mok",6
"mos",6
"mot",6
"mpe",6
"mpg",6
"msh",6
"mul",6
"mun",6
"myt",6
"nag",6
"nch",6
"nco",6
"nds",6
"neo",6
"nit",6
"nly",6
"nne",6
"nov",6
"nso",6
"nyl",6
"nzi",6
"ola",6
"oma",6
"onc",6
"otc",6
"otk",6
"owe",6
"ows",6
"pas",6
"pat",6
"pli",6
"rad",6
"rap",6
"rbr",6
"rce",6
"rco",6
"rld",6
"rme",6
"rni",6
"rog",6
"ros",6
"rta",6
"rte",6
"rto",6
"sar",6
"sci",6
"scl",6
"sec",6
"sht",6
"sle",6
"sou",6
"spy",6
"swi",6
"sys",6
"tap",6
"tba",6
"tco",6
"tex",6
"tuf",6
"tyl",6
"ubl",6
"ues",6
"uin",6
"umc",6
"ums",6
"url",6
"urn",6
"vin",6
"wee",6
"xbl",6
"yah",6
"yan",6
"yco",6
"yse",6
"yum",6
"004",5
"006",5
"014",5
"016",5
"019",5
"020",5
"034",5
"082",5
"095",5
"096",5
"0re",5
"102",5
"105",5
"106",5
"113",5
"120",5
"18p",5
"204",5
"20c",5
"210",5
"217",5
"223",5
"231",5
"237",5
"246",5
"263",5
"270",5
"321",5
"358",5
"378",5
"457",5
"591",5
"609",5
"643",5
"647",5
"678",5
"734",5
"766",5
"767",5
"792",5
"796",5
"909",5
"92y",5
"940",5
"959",5
"aaa",5
"abs",5
"aby",5
"ady",5
"agn",5
"ait",5
"al4",5
"ald",5
"alf",5
"aol",5
"arm",5
"atc",5
"aul",5
"ayl",5
"biz",5
"bob",5
"bos",5
"bud",5
"ckc",5
"clo",5
"cuc",5
"cyr",5
"deb",5
"dec",5
"doo",5
"dor",5
"dou",5
"dpr",5
"dra",5
"dru",5
"eca",5
"efo",5
"eil",5
"emy",5
"enb",5
"eng",5
"enn",5
"enu",5
"eol",5
"eph",5
"esw",5
"eta",5
"eun",5
"eva",5
"exm",5
"f9f",5
"fhg",5
"fie",5
"foo",5
"fx2",5
"g1y",5
"gam",5
"gec",5
"gia",5
"gie",5
"git",5
"gol",5
"gom",5
"gst",5
"gur",5
"hei",5
"hip",5
"hum",5
"hun",5
"ibi",5
"icl",5
"imm",5
"isn",5
"jec",5
"jui",5
"kak",5
"kba",5
"klo",5
"kof",5
"ksc",5
"lab",5
"lco",5
"ldo",5
"lds",5
"lem",5
"lev",5
"ley",5
"lna",5
"lot",5
"lpa",5
"lph",5
"may",5
"maz",5
"mgp",5
"mmy",5
"mou",5
"mpa",5
"mtr",5
"myh",5
"nan",5
"nau",5
"nbl",5
"ndy",5
"nee",5
"ngh",5
"ngl",5
"ngp",5
"nho",5
"nik",5
"noh",5
"nsc",5
"nsf",5
"nvi",5
"nyg",5
"och",5
"ody",5
"ole",5
"ols",5
"omp",5
"oon",5
"opo",5
"orl",5
"orm",5
"ors",5
"ott",5
"oty",5
"pie",5
"pon",5
"ppi",5
"pra",5
"pul",5
"put",5
"q2h",5
"rag",5
"rav",5
"ray",5
"reb",5
"reg",5
"rey",5
"riz",5
"rla",5
"rlb",5
"rma",5
"rne",5
"rnm",5
"rob",5
"rof",5
"rra",5
"rsi",5
"rss",5
"rst",5
"sag",5
"sai",5
"sau",5
"sbl",5
"sep",5
"sfo",5
"sfr",5
"sli",5
"sme",5
"sos",5
"spi",5
"spr",5
"stn",5
"sub",5
"sun",5
"sx1",5
"tak",5
"tam",5
"tif",5
"tiq",5
"tnd",5
"unz",5
"uri",5
"urr",5
"uto",5
"van",5
"vec",5
"vel",5
"via",5
"wel",5
"whi",5
"wif",5
"wis",5
"xg5",5
"xiy",5
"xte",5
"xue",5
"yba",5
"yga",5
"yin",5
"yst",5
"zen",5
"003",4
"017",4
"028",4
"029",4
"04n",4
"050",4
"063",4
"065",4
"066",4
"076",4
"081",4
"084",4
"117",4
"123",4
"125",4
"144",4
"147",4
"158",4
"166",4
"167",4
"171",4
"172",4
"202",4
"20i",4
"218",4
"222",4
"228",4
"229",4
"239",4
"257",4
"264",4
"277",4
"301",4
"317",4
"326",4
"345",4
"348",4
"357",4
"360",4
"362",4
"368",4
"372",4
"379",4
"384",4
"390",4
"395",4
"396",4
"3nm",4
"400",4
"401",4
"419",4
"444",4
"448",4
"469",4
"478",4
"480",4
"490",4
"515",4
"520",4
"522",4
"524",4
"539",4
"544",4
"550",4
"592",4
"5cn",4
"602",4
"613",4
"620",4
"635",4
"675",4
"693",4
"704",4
"706",4
"744",4
"754",4
"769",4
"772",4
"779",4
"789",4
"799",4
"7ag",4
"804",4
"820",4
"839",4
"840",4
"870",4
"883",4
"924",4
"928",4
"931",4
"963",4
"973",4
"978",4
"982",4
"999",4
"abb",4
"abr",4
"aca",4
"acc",4
"aff",4
"akt",4
"aky",4
"al1",4
"al9",4
"alc",4
"alg",4
"amc",4
"amo",4
"amv",4
"arn",4
"asy",4
"atb",4
"ato",4
"avi",4
"ayp",4
"azz",4
"ben",4
"bep",4
"bis",4
"blu",4
"bma",4
"bmi",4
"bot",4
"box",4
"buk",4
"bys",4
"cad",4
"chs",4
"ckd",4
"ckf",4
"ckt",4
"cmq",4
"cos",4
"das",4
"dbl",4
"dep",4
"det",4
"dfo",4
"dgi",4
"dhe",4
"dho",4
"dig",4
"djo",4
"doc",4
"dos",4
"dpu",4
"eco",4
"ecy",4
"edb",4
"ede",4
"edo",4
"eds",4
"ees",4
"efr",4
"eig",4
"enp",4
"epr",4
"ept",4
"erb",4
"erf",4
"erw",4
"esa",4
"esu",4
"etp",4
"eys",4
"fam",4
"far",4
"fer",4
"fes",4
"fjz",4
"fle",4
"fol",4
"gig",4
"gis",4
"gjo",4
"gli",4
"glo",4
"gue",4
"gun",4
"hae",4
"hal",4
"heg",4
"heo",4
"hil",4
"hle",4
"hp3",4
"i5f",4
"ida",4
"idg",4
"ido",4
"ieg",4
"iff",4
"igi",4
"igt",4
"ika",4
"ila",4
"ilm",4
"ily",4
"inn",4
"iny",4
"iou",4
"iry",4
"isc",4
"isi",4
"isl",4
"iul",4
"ize",4
"jgw",4
"jil",4
"jkl",4
"kav",4
"kir",4
"kme",4
"kmw",4
"kno",4
"kst",4
"kym",4
"kzy",4
"lbe",4
"lex",4
"lez",4
"lif",4
"lol",4
"lop",4
"lou",4
"ltb",4
"ltd",4
"lte",4
"lth",4
"max",4
"mdo",4
"mea",4
"mep",4
"mmq",4
"mps",4
"myf",4
"mym",4
"myy",4
"nen",4
"nex",4
"ngn",4
"nim",4
"nip",4
"nke",4
"nky",4
"nmo",4
"nof",4
"nog",4
"nsi",4
"oad",4
"obe",4
"odi",4
"ofi",4
"ofp",4
"oft",4
"oga",4
"ogy",4
"oir",4
"oki",4
"oks",4
"olo",4
"oor",4
"opa",4
"oph",4
"orb",4
"ork",4
"oul",4
"oya",4
"pao",4
"pea",4
"pes",4
"phi",4
"pol",4
"ppe",4
"pzc",4
"qwy",4
"rab",4
"rde",4
"rdi",4
"rga",4
"rif",4
"riv",4
"rki",4
"roc",4
"rol",4
"rop",4
"rry",4
"rsa",4
"rth",4
"rtu",4
"rut",4
"sam",4
"scu",4
"sdi",4
"seu",4
"sic",4
"sie",4
"sir",4
"smi",4
"smu",4
"sna",4
"sne",4
"soc",4
"sug",4
"sur",4
"syt",4
"tbu",4
"thr",4
"til",4
"tiv",4
"tli",4
"tng",4
"tof",4
"tru",4
"try",4
"tse",4
"tsp",4
"tst",4
"tto",4
"ttp",4
"tua",4
"tud",4
"tui",4
"tus",4
"tyh",4
"tys",4
"tyt",4
"ubm",4
"uct",4
"uff",4
"uge",4
"uli",4
"umm",4
"unk",4
"unn",4
"urb",4
"urg",4
"ute",4
"uur",4
"uze",4
"ved",4
"vhm",4
"vip",4
"viv",4
"vol",4
"vui",4
"wha",4
"wiv",4
"wlk",4
"wmi",4
"wqx",4
"x3n",4
"xin",4
"xma",4
"xua",4
"xxb",4
"xyl",4
"yag",4
"yeu",4
"yjv",4
"ylo",4
"ylt",4
"yma",4
"ysp",4
"015",3
"025",3
"046",3
"04y",3
"057",3
"073",3
"092",3
"099",3
"104",3
"108",3
"110",3
"112",3
"115",3
"118",3
"142",3
"153",3
"163",3
"164",3
"170",3
"17p",3
"180",3
"182",3
"184",3
"188",3
"189",3
"18a",3
"192",3
"195",3
"196",3
"203",3
"208",3
"219",3
"221",3
"225",3
"235",3
"238",3
"242",3
"247",3
"248",3
"249",3
"252",3
"255",3
"258",3
"259",3
"260",3
"261",3
"266",3
"275",3
"290",3
"298",3
"302",3
"305",3
"307",3
"309",3
"314",3
"325",3
"333",3
"336",3
"351",3
"352",3
"356",3
"361",3
"367",3
"370",3
"375",3
"380",3
"382",3
"388",3
"393",3
"399",3
"402",3
"405",3
"412",3
"418",3
"422",3
"424",3
"425",3
"426",3
"438",3
"442",3
"450",3
"451",3
"459",3
"462",3
"466",3
"470",3
"473",3
"475",3
"476",3
"485",3
"486",3
"489",3
"4uc",3
"4uz",3
"507",3
"512",3
"519",3
"527",3
"530",3
"537",3
"540",3
"541",3
"549",3
"559",3
"562",3
"564",3
"573",3
"579",3
"586",3
"598",3
"600",3
"608",3
"618",3
"622",3
"627",3
"654",3
"659",3
"661",3
"664",3
"666",3
"669",3
"672",3
"689",3
"691",3
"692",3
"696",3
"701",3
"705",3
"708",3
"711",3
"724",3
"733",3
"736",3
"745",3
"749",3
"759",3
"764",3
"773",3
"775",3
"778",3
"784",3
"795",3
"807",3
"809",3
"811",3
"816",3
"824",3
"825",3
"832",3
"834",3
"841",3
"846",3
"857",3
"864",3
"873",3
"875",3
"890",3
"891",3
"892",3
"901",3
"904",3
"915",3
"916",3
"923",3
"933",3
"935",3
"936",3
"941",3
"943",3
"944",3
"946",3
"955",3
"964",3
"966",3
"996",3
"9ha",3
"a13",3
"a1p",3
"aal",3
"abi",3
"adm",3
"ads",3
"afi",3
"afr",3
"aig",3
"ais",3
"al0",3
"al5",3
"alm",3
"alt",3
"alu",3
"alw",3
"anb",3
"anf",3
"anu",3
"anw",3
"apa",3
"asa",3
"asc",3
"asp",3
"asx",3
"atm",3
"aun",3
"aze",3
"bap",3
"bbc",3
"bbi",3
"bec",3
"bei",3
"bha",3
"bik",3
"bir",3
"bmo",3
"boi",3
"bur",3
"caf",3
"cem",3
"chc",3
"chl",3
"ckh",3
"ckm",3
"cko",3
"ckp",3
"cov",3
"cri",3
"cuu",3
"dab",3
"dam",3
"dav",3
"ddl",3
"ddo",3
"dha",3
"dlc",3
"dli",3
"dma",3
"dot",3
"dpi",3
"dsh",3
"dsl",3
"dto",3
"dup",3
"dvd",3
"dyp",3
"e12",3
"eag",3
"eav",3
"ecc",3
"eck",3
"ecr",3
"edc",3
"edl",3
"edw",3
"eec",3
"eee",3
"eez",3
"efe",3
"efl",3
"eie",3
"eis",3
"eit",3
"eja",3
"enc",3
"eoa",3
"epa",3
"epe",3
"erm",3
"esl",3
"etn",3
"eto",3
"etr",3
"etw",3
"evo",3
"ewg",3
"ewi",3
"ewt",3
"exb",3
"exl",3
"exn",3
"fag",3
"fai",3
"ffs",3
"fho",3
"fic",3
"fli",3
"fot",3
"fou",3
"fse",3
"ftv",3
"fur",3
"fut",3
"fuz",3
"gai",3
"gas",3
"gbl",3
"ggi",3
"gic",3
"gla",3
"gme",3
"gri",3
"gse",3
"gte",3
"gto",3
"gus",3
"gut",3
"guu",3
"hag",3
"hap",3
"hdc",3
"hec",3
"heh",3
"het",3
"hew",3
"hey",3
"hie",3
"hli",3
"hne",3
"hno",3
"hoe",3
"hri",3
"iah",3
"iam",3
"iar",3
"iat",3
"ibe",3
"idn",3
"ied",3
"iel",3
"ifi",3
"ifs",3
"iga",3
"iji",3
"ilt",3
"ilu",3
"ilv",3
"ime",3
"imi",3
"imo",3
"imp",3
"imu",3
"ips",3
"iri",3
"isa",3
"iso",3
"iva",3
"jam",3
"jk4",3
"joc",3
"joh",3
"joi",3
"jos",3
"k2c",3
"kam",3
"kar",3
"kda",3
"kee",3
"kij",3
"kis",3
"kmy",3
"kon",3
"kpu",3
"ksu",3
"kth",3
"kti",3
"kto",3
"kyo",3
"kys",3
"lap",3
"lau",3
"law",3
"laz",3
"ldw",3
"lew",3
"lgi",3
"lha",3
"lil",3
"lim",3
"liz",3
"ll9",3
"llb",3
"llt",3
"lme",3
"lms",3
"lne",3
"loa",3
"loo",3
"lru",3
"lsc",3
"lsg",3
"luc",3
"lux",3
"lvi",3
"lwa",3
"lwi",3
"lwu",3
"lyc",3
"lyf",3
"maj",3
"mbo",3
"mee",3
"mei",3
"mia",3
"mid",3
"mie",3
"mix",3
"mpi",3
"mpm",3
"mpr",3
"mut",3
"mvo",3
"myc",3
"myd",3
"myl",3
"myp",3
"myw",3
"naf",3
"nai",3
"nap",3
"nav",3
"nbo",3
"nca",3
"nci",3
"ncl",3
"ndb",3
"ndc",3
"ndr",3
"nec",3
"ned",3
"ney",3
"nfu",3
"ngm",3
"nhy",3
"nif",3
"nle",3
"nme",3
"nno",3
"nob",3
"nou",3
"npl",3
"npn",3
"nre",3
"nsk",3
"nsp",3
"nto",3
"nty",3
"nub",3
"nut",3
"ny1",3
"nya",3
"nyo",3
"ocu",3
"odo",3
"oer",3
"okm",3
"olg",3
"omb",3
"omm",3
"ony",3
"ooo",3
"opp",3
"orc",3
"orp",3
"oru",3
"otb",3
"ova",3
"owj",3
"oye",3
"pai",3
"pal",3
"pau",3
"peo",3
"phe",3
"pid",3
"plo",3
"poo",3
"pou",3
"pov",3
"ppo",3
"psk",3
"pti",3
"raf",3
"rba",3
"rda",3
"rds",3
"rei",3
"rep",3
"rew",3
"rgy",3
"rho",3
"rig",3
"rim",3
"rka",3
"rke",3
"rks",3
"rli",3
"rn1",3
"rnp",3
"roi",3
"rok",3
"row",3
"rpe",3
"rpo",3
"rpr",3
"rri",3
"rsc",3
"rso",3
"rus",3
"ryb",3
"rys",3
"s1i",3
"s4u",3
"sab",3
"sac",3
"sbe",3
"scr",3
"sda",3
"sde",3
"sem",3
"sen",3
"sev",3
"sfe",3
"sga",3
"shg",3
"shn",3
"shy",3
"sip",3
"siz",3
"sod",3
"sor",3
"sot",3
"spu",3
"stb",3
"stj",3
"stl",3
"sus",3
"sve",3
"swa",3
"syp",3
"t3x",3
"tac",3
"taf",3
"tbl",3
"tef",3
"teh",3
"tet",3
"tfr",3
"tga",3
"tgi",3
"thu",3
"tia",3
"tme",3
"tne",3
"toc",3
"tod",3
"toi",3
"tol",3
"tpi",3
"trj",3
"tro",3
"tsi",3
"tsm",3
"tta",3
"two",3
"u4m",3
"uce",3
"udd",3
"udi",3
"uee",3
"uga",3
"uld",3
"ule",3
"ulm",3
"ulo",3
"upe",3
"upw",3
"urp",3
"usa",3
"utd",3
"uys",3
"vas",3
"voo",3
"wes",3
"wi5",3
"wij",3
"woo",3
"wse",3
"wso",3
"x2s",3
"xan",3
"xga",3
"xse",3
"xyg",3
"xyp",3
"y13",3
"yea",3
"yer",3
"yes",3
"yfu",3
"yme",3
"ymo",3
"ynu",3
"yog",3
"yon",3
"ypa",3
"yra",3
"ysh",3
"ysw",3
"yti",3
"ytu",3
"yvi",3
"ywi",3
"ywo",3
"ywz",3
"yyw",3
"zas",3
"zbo",3
"zin",3
"zli",3
"zna",3
"zse",3
"zty",3
"zur",3
"zwn",3
"01a",2
"023",2
"026",2
"027",2
"037",2
"039",2
"042",2
"043",2
"044",2
"04m",2
"051",2
"052",2
"054",2
"062",2
"069",2
"070",2
"071",2
"072",2
"077",2
"083",2
"089",2
"08a",2
"097",2
"098",2
"0ch",2
"0df",2
"0gr",2
"111",2
"114",2
"126",2
"129",2
"151",2
"152",2
"154",2
"155",2
"15a",2
"168",2
"169",2
"173",2
"179",2
"186",2
"18y",2
"197",2
"19y",2
"1a6",2
"1as",2
"1se",2
"1st",2
"20f",2
"20g",2
"214",2
"21a",2
"227",2
"244",2
"262",2
"278",2
"280",2
"281",2
"283",2
"284",2
"285",2
"286",2
"289",2
"291",2
"292",2
"294",2
"2e0",2
"2vo",2
"303",2
"304",2
"313",2
"318",2
"320",2
"323",2
"327",2
"329",2
"331",2
"334",2
"337",2
"340",2
"342",2
"343",2
"347",2
"359",2
"35t",2
"371",2
"374",2
"37b",2
"387",2
"391",2
"397",2
"3zh",2
"403",2
"406",2
"407",2
"410",2
"415",2
"416",2
"417",2
"423",2
"429",2
"431",2
"435",2
"43a",2
"43g",2
"441",2
"445",2
"449",2
"452",2
"453",2
"463",2
"464",2
"467",2
"474",2
"479",2
"487",2
"495",2
"497",2
"499",2
"4al",2
"4md",2
"4ub",2
"4ux",2
"501",2
"509",2
"513",2
"516",2
"521",2
"523",2
"531",2
"532",2
"538",2
"542",2
"546",2
"547",2
"552",2
"557",2
"560",2
"570",2
"571",2
"577",2
"578",2
"585",2
"587",2
"588",2
"589",2
"590",2
"593",2
"594",2
"595",2
"596",2
"5cb",2
"5gf",2
"603",2
"60a",2
"610",2
"612",2
"615",2
"617",2
"628",2
"630",2
"632",2
"637",2
"639",2
"642",2
"644",2
"645",2
"649",2
"650",2
"652",2
"656",2
"662",2
"677",2
"680",2
"682",2
"686",2
"690",2
"695",2
"697",2
"700",2
"707",2
"710",2
"713",2
"714",2
"716",2
"718",2
"726",2
"730",2
"731",2
"735",2
"741",2
"748",2
"752",2
"753",2
"757",2
"75a",2
"761",2
"762",2
"763",2
"765",2
"770",2
"777",2
"780",2
"782",2
"785",2
"786",2
"788",2
"802",2
"810",2
"814",2
"819",2
"81a",2
"81e",2
"821",2
"830",2
"833",2
"837",2
"838",2
"843",2
"845",2
"847",2
"848",2
"849",2
"84a",2
"853",2
"858",2
"859",2
"860",2
"865",2
"878",2
"880",2
"881",2
"885",2
"887",2
"894",2
"896",2
"8fr",2
"900",2
"903",2
"906",2
"908",2
"911",2
"914",2
"917",2
"919",2
"921",2
"925",2
"926",2
"930",2
"932",2
"942",2
"947",2
"948",2
"952",2
"956",2
"957",2
"962",2
"968",2
"970",2
"971",2
"975",2
"979",2
"993",2
"994",2
"995",2
"997",2
"9ee",2
"9fd",2
"9go",2
"9mv",2
"a00",2
"a03",2
"a12",2
"a35",2
"a5z",2
"aab",2
"aan",2
"aap",2
"aar",2
"ab4",2
"aco",2
"acr",2
"acs",2
"acu",2
"adr",2
"adt",2
"afl",2
"afo",2
"agl",2
"agm",2
"ago",2
"aha",2
"aki",2
"aks",2
"alh",2
"alk",2
"alp",2
"alv",2
"amm",2
"amy",2
"anl",2
"anp",2
"anq",2
"aou",2
"api",2
"apl",2
"apt",2
"apu",2
"ar3",2
"arb",2
"arf",2
"arg",2
"aro",2
"arx",2
"asd",2
"asg",2
"ask",2
"asm",2
"aso",2
"atf",2
"atw",2
"auc",2
"ava",2
"awa",2
"awe",2
"aya",2
"aye",2
"ayi",2
"aym",2
"bai",2
"bam",2
"bbl",2
"bco",2
"bd9",2
"be1",2
"bet",2
"bim",2
"bll",2
"blv",2
"bol",2
"boz",2
"bpi",2
"bpo",2
"bso",2
"bsp",2
"bst",2
"bul",2
"bum",2
"bun",2
"buz",2
"c2l",2
"c49",2
"cak",2
"cc0",2
"ceo",2
"cfm",2
"cie",2
"cif",2
"cio",2
"cjm",2
"ck1",2
"ck4",2
"cka",2
"ckw",2
"cmx",2
"cod",2
"cof",2
"coq",2
"cot",2
"cpo",2
"cse",2
"cta",2
"cup",2
"cus",2
"cym",2
"cyp",2
"cyt",2
"czn",2
"dac",2
"dal",2
"dao",2
"dbo",2
"dde",2
"ddy",2
"de0",2
"ded",2
"deh",2
"dei",2
"dev",2
"dew",2
"dga",2
"dge",2
"dik",2
"djm",2
"dle",2
"dme",2
"dmo",2
"dmp",2
"doa",2
"dog",2
"dpe",2
"dst",2
"dte",2
"dti",2
"dtr",2
"dus",2
"dyb",2
"dym",2
"e73",2
"eah",2
"ebb",2
"ece",2
"ecf",2
"eci",2
"ecu",2
"eda",2
"edd",2
"edf",2
"edp",2
"edt",2
"eef",2
"eem",2
"eff",2
"egg",2
"egn",2
"egs",2
"egu",2
"ehd",2
"eir",2
"elb",2
"elc",2
"eld",2
"elg",2
"elk",2
"elu",2
"elv",2
"emu",2
"en0",2
"enf",2
"enk",2
"eno",2
"enz",2
"eob",2
"eoc",2
"eof",2
"eor",2
"eou",2
"er1",2
"er4",2
"er6",2
"erd",2
"erk",2
"eru",2
"erx",2
"erz",2
"es2",2
"es3",2
"esm",2
"etc",2
"eum",2
"eup",2
"eux",2
"ex2",2
"exf",2
"exi",2
"exs",2
"exw",2
"eze",2
"fa3",2
"fab",2
"fap",2
"fbo",2
"fc2",2
"ffe",2
"fit",2
"fly",2
"fmo",2
"fnm",2
"fox",2
"fpa",2
"fpo",2
"ftc",2
"ftu",2
"fyw",2
"gbo",2
"gdc",2
"gef",2
"ggr",2
"ggs",2
"ghb",2
"ghe",2
"gio",2
"gma",2
"gmi",2
"gmo",2
"gni",2
"gno",2
"gog",2
"gpo",2
"gti",2
"gua",2
"gvi",2
"gwn",2
"gya",2
"hak",2
"haw",2
"hb7",2
"hbo",2
"hby",2
"hcc",2
"hcj",2
"hed",2
"hfo",2
"hfu",2
"hgi",2
"hib",2
"hjy",2
"hlo",2
"hma",2
"hme",2
"hnn",2
"hog",2
"hok",2
"hpo",2
"hry",2
"htt",2
"hty",2
"hus",2
"hwa",2
"hyp",2
"i8r",2
"iad",2
"ias",2
"iax",2
"ibo",2
"ibs",2
"icd",2
"icg",2
"icv",2
"idi",2
"idw",2
"idz",2
"iei",2
"iem",2
"iet",2
"ieu",2
"iez",2
"igb",2
"ign",2
"igs",2
"ijv",2
"ikt",2
"ilo",2
"ils",2
"imb",2
"imd",2
"img",2
"in1",2
"inu",2
"inv",2
"ioc",2
"ipa",2
"ipt",2
"ira",2
"irc",2
"irp",2
"isu",2
"itz",2
"iur",2
"ius",2
"ivy",2
"ixe",2
"iza",2
"jez",2
"jjy",2
"joe",2
"jou",2
"joy",2
"jug",2
"jul",2
"jun",2
"jzd",2
"k0n",2
"kab",2
"kas",2
"kaw",2
"kbo",2
"kgi",2
"kha",2
"kil",2
"kim",2
"kjo",2
"kki",2
"kna",2
"kne",2
"kpo",2
"kra",2
"kri",2
"ksa",2
"ksi",2
"kur",2
"kyl",2
"kyr",2
"kzz",2
"laa",2
"lag",2
"lah",2
"lbl",2
"lbu",2
"lca",2
"leh",2
"lei",2
"lfr",2
"lfs",2
"lgr",2
"lio",2
"lix",2
"lja",2
"ljo",2
"lli",2
"llp",2
"loi",2
"lpo",2
"lrc",2
"ls2",2
"lsd",2
"lsf",2
"lsl",2
"lst",2
"ltc",2
"lti",2
"ltj",2
"ltm",2
"ltt",2
"ltu",2
"lue",2
"luk",2
"lup",2
"lur",2
"luv",2
"lwq",2
"lws",2
"lya",2
"lyd",2
"lyo",2
"mab",2
"mam",2
"mbn",2
"meh",2
"meo",2
"meu",2
"mfe",2
"mfy",2
"mho",2
"mip",2
"mir",2
"mju",2
"mmm",2
"mmu",2
"moa",2
"moo",2
"msc",2
"msf",2
"mur",2
"mxf",2
"mya",2
"mye",2
"myg",2
"mzj",2
"na3",2
"nah",2
"naj",2
"nba",2
"ncu",2
"ndh",2
"ndj",2
"ndm",2
"ndn",2
"ndu",2
"ndw",2
"neh",2
"nei",2
"nfi",2
"nft",2
"ng3",2
"ngc",2
"ngo",2
"ngt",2
"ngw",2
"nio",2
"njo",2
"nka",2
"nkm",2
"nkn",2
"nmu",2
"nnm",2
"nom",2
"npd",2
"nph",2
"npi",2
"npr",2
"nps",2
"npu",2
"nqu",2
"nsd",2
"nsl",2
"ntw",2
"nun",2
"nus",2
"nuz",2
"nve",2
"nwy",2
"nym",2
"nyn",2
"nyr",2
"oap",2
"oas",2
"obi",2
"obo",2
"oce",2
"odu",2
"oed",2
"ofc",2
"ofo",2
"ofs",2
"ofu",2
"ogg",2
"ogi",2
"ogt",2
"ogu",2
"ohm",2
"oil",2
"okl",2
"olt",2
"oly",2
"omn",2
"omy",2
"onb",2
"oop",2
"oow",2
"opr",2
"ops",2
"oqu",2
"oro",2
"orw",2
"osa",2
"osc",2
"osg",2
"osl",2
"oso",2
"otl",2
"otp",2
"otu",2
"oui",2
"ouz",2
"oxo",2
"oyb",2
"oyz",2
"p10",2
"pac",2
"paj",2
"pam",2
"pap",2
"paw",2
"pcn",2
"pel",2
"pez",2
"pha",2
"phy",2
"pig",2
"pil",2
"pim",2
"pip",2
"pir",2
"piz",2
"pnh",2
"poi",2
"pok",2
"ppl",2
"pr3",2
"prn",2
"pse",2
"pta",2
"pte",2
"pum",2
"pun",2
"pwo",2
"qad",2
"qrd",2
"qto",2
"rah",2
"raj",2
"rcu",2
"rdo",2
"rdr",2
"rdy",2
"req",2
"rfu",2
"rgi",2
"rgs",2
"rhi",2
"ril",2
"rio",2
"rje",2
"rlc",2
"rlo",2
"rlq",2
"rn2",2
"rn4",2
"rnb",2
"rng",2
"rnh",2
"rnn",2
"rnu",2
"rnv",2
"roa",2
"rox",2
"roy",2
"rpa",2
"rpg",2
"rpi",2
"rpu",2
"rro",2
"rsl",2
"rsp",2
"rul",2
"rum",2
"rwi",2
"ryr",2
"s00",2
"s10",2
"s20",2
"s4f",2
"s69",2
"sad",2
"sap",2
"say",2
"sbr",2
"sby",2
"scg",2
"sdo",2
"sei",2
"sek",2
"shd",2
"shu",2
"sma",2
"sop",2
"sov",2
"spl",2
"ssb",2
"ssh",2
"ssm",2
"sso",2
"sss",2
"sst",2
"stm",2
"sui",2
"swh",2
"sxx",2
"sya",2
"syb",2
"syc",2
"syi",2
"syw",2
"szo",2
"t09",2
"t76",2
"tau",2
"tav",2
"tay",2
"tda",2
"te1",2
"teb",2
"tei",2
"tfo",2
"tfu",2
"thy",2
"tij",2
"tja",2
"tjo",2
"tk3",2
"tla",2
"tma",2
"tmc",2
"tmo",2
"tmt",2
"toa",2
"tog",2
"tpe",2
"tpu",2
"tsb",2
"tso",2
"tun",2
"twa",2
"twe",2
"txs",2
"tya",2
"tyb",2
"tyc",2
"tyg",2
"tyr",2
"tz2",2
"tze",2
"uai",2
"ubc",2
"uds",2
"udy",2
"uen",2
"ufu",2
"uic",2
"uid",2
"uke",2
"ula",2
"ulg",2
"ume",2
"umo",2
"una",2
"unb",2
"urt",2
"ury",2
"usl",2
"usr",2
"uta",2
"utl",2
"uty",2
"uut",2
"ux1",2
"uya",2
"vac",2
"vag",2
"vaj",2
"vdp",2
"vea",2
"vic",2
"vng",2
"vod",2
"voi",2
"von",2
"vrs",2
"w0g",2
"w0q",2
"w4b",2
"wai",2
"wap",2
"way",2
"wcs",2
"wen",2
"wgu",2
"whe",2
"wic",2
"wid",2
"wiz",2
"wjo",2
"wle",2
"wma",2
"wmc",2
"wmy",2
"wnc",2
"wnl",2
"wns",2
"wnt",2
"won",2
"wpo",2
"wqu",2
"wte",2
"wyn",2
"x19",2
"x3z",2
"x4u",2
"xbo",2
"xdr",2
"xed",2
"xen",2
"xfr",2
"xfu",2
"xgu",2
"xjv",2
"xmp",2
"xnx",2
"xpi",2
"xsa",2
"xst",2
"xto",2
"xts",2
"xyf",2
"xzw",2
"y12",2
"y18",2
"yac",2
"yam",2
"yas",2
"ybe",2
"ybm",2
"ycu",2
"ycy",2
"yde",2
"yfr",2
"ygr",2
"yhu",2
"yim",2
"yla",2
"yli",2
"yna",2
"ynf",2
"yni",2
"yof",2
"yro",2
"ysb",2
"ysc",2
"ysf",2
"ysi",2
"ysl",2
"yso",2
"ysu",2
"ywa",2
"yxj",2
"yxr",2
"yxx",2
"zap",2
"zdd",2
"zed",2
"zet",2
"zex",2
"zga",2
"zmo",2
"zmx",2
"zoh",2
"zze",2
"zzz",2
"00y",1
"018",1
"01b",1
"02j",1
"02m",1
"02z",1
"030",1
"031",1
"032",1
"033",1
"035",1
"041",1
"047",1
"048",1
"049",1
"04a",1
"04s",1
"04z",1
"055",1
"056",1
"058",1
"067",1
"068",1
"06m",1
"074",1
"075",1
"079",1
"07q",1
"087",1
"08c",1
"08w",1
"093",1
"0am",1
"0an",1
"0aw",1
"0cb",1
"0ci",1
"0d1",1
"0d4",1
"0e1",1
"0ec",1
"0ex",1
"0f8",1
"0fc",1
"0he",1
"0ie",1
"0in",1
"0nl",1
"0nv",1
"0nz",1
"0pu",1
"0qq",1
"0qu",1
"0ri",1
"0to",1
"0we",1
"0x5",1
"0xh",1
"0xu",1
"0zo",1
"0zw",1
"0zx",1
"10l",1
"119",1
"11a",1
"11b",1
"11c",1
"11x",1
"121",1
"12a",1
"13b",1
"15b",1
"162",1
"165",1
"175",1
"178",1
"17a",1
"17e",1
"181",1
"185",1
"18b",1
"18e",1
"18s",1
"191",1
"193",1
"19a",1
"19h",1
"19z",1
"1a2",1
"1an",1
"1b4",1
"1bi",1
"1bs",1
"1ca",1
"1cd",1
"1de",1
"1fa",1
"1fe",1
"1gl",1
"1hz",1
"1iy",1
"1jn",1
"1lm",1
"1m0",1
"1ma",1
"1n2",1
"1nt",1
"1ny",1
"1om",1
"1qc",1
"1qh",1
"1qj",1
"1rp",1
"1s4",1
"1s6",1
"1si",1
"1sx",1
"1th",1
"1tu",1
"1uk",1
"1ur",1
"1v6",1
"1vv",1
"1wp",1
"1wu",1
"1xe",1
"1xx",1
"1yt",1
"20b",1
"20r",1
"20s",1
"20t",1
"20w",1
"21t",1
"220",1
"224",1
"22p",1
"233",1
"234",1
"240",1
"243",1
"24p",1
"251",1
"254",1
"25b",1
"265",1
"267",1
"268",1
"269",1
"26a",1
"272",1
"273",1
"274",1
"276",1
"27o",1
"287",1
"288",1
"28a",1
"28n",1
"296",1
"297",1
"299",1
"2a8",1
"2a9",1
"2ba",1
"2bc",1
"2bl",1
"2bp",1
"2co",1
"2da",1
"2ds",1
"2e4",1
"2ev",1
"2f5",1
"2fa",1
"2fi",1
"2fj",1
"2fs",1
"2ga",1
"2ge",1
"2go",1
"2h0",1
"2ha",1
"2he",1
"2ix",1
"2jh",1
"2js",1
"2k8",1
"2ka",1
"2la",1
"2mk",1
"2mw",1
"2mz",1
"2nk",1
"2og",1
"2oh",1
"2rb",1
"2ut",1
"2vi",1
"2yl",1
"306",1
"308",1
"30s",1
"310",1
"311",1
"312",1
"316",1
"31a",1
"322",1
"324",1
"32g",1
"32l",1
"32w",1
"330",1
"335",1
"33t",1
"341",1
"344",1
"349",1
"350",1
"354",1
"355",1
"35a",1
"35c",1
"363",1
"364",1
"365",1
"366",1
"37d",1
"37e",1
"385",1
"386",1
"38a",1
"398",1
"39a",1
"3a1",1
"3a3",1
"3a4",1
"3a8",1
"3b6",1
"3bb",1
"3d3",1
"3d9",1
"3dm",1
"3fc",1
"3gg",1
"3jk",1
"3la",1
"3np",1
"3ri",1
"3tr",1
"408",1
"40a",1
"40c",1
"40o",1
"411",1
"41d",1
"420",1
"427",1
"428",1
"42c",1
"42s",1
"430",1
"432",1
"436",1
"437",1
"43c",1
"446",1
"44a",1
"44b",1
"454",1
"455",1
"456",1
"45a",1
"45s",1
"460",1
"461",1
"465",1
"468",1
"46b",1
"472",1
"477",1
"47a",1
"47u",1
"482",1
"483",1
"488",1
"491",1
"493",1
"494",1
"498",1
"4aa",1
"4af",1
"4d0",1
"4do",1
"4fb",1
"4m5",1
"4mc",1
"4me",1
"4mf",1
"4ms",1
"4p3",1
"4qw",1
"4sr",1
"4st",1
"4t3",1
"4te",1
"4ud",1
"4us",1
"4w1",1
"4wh",1
"4wl",1
"4xc",1
"4zj",1
"502",1
"503",1
"506",1
"508",1
"50a",1
"50d",1
"50s",1
"50z",1
"510",1
"514",1
"517",1
"518",1
"51a",1
"525",1
"529",1
"535",1
"53e",1
"53j",1
"543",1
"548",1
"54a",1
"54b",1
"54c",1
"551",1
"554",1
"55d",1
"563",1
"567",1
"569",1
"572",1
"575",1
"584",1
"58c",1
"597",1
"599",1
"59b",1
"5d0",1
"5db",1
"5ed",1
"5f0",1
"5fa",1
"5fe",1
"5fx",1
"5m2",1
"5mm",1
"5oo",1
"5pz",1
"5sd",1
"5th",1
"5tr",1
"5vy",1
"601",1
"605",1
"60b",1
"60c",1
"611",1
"614",1
"616",1
"619",1
"621",1
"624",1
"625",1
"629",1
"631",1
"633",1
"638",1
"640",1
"641",1
"646",1
"648",1
"64e",1
"64f",1
"651",1
"653",1
"655",1
"657",1
"65e",1
"660",1
"663",1
"668",1
"66a",1
"66d",1
"671",1
"673",1
"674",1
"676",1
"679",1
"67f",1
"67s",1
"684",1
"685",1
"687",1
"688",1
"68b",1
"68c",1
"68d",1
"694",1
"698",1
"69d",1
"6ab",1
"6ba",1
"6bi",1
"6cu",1
"6d7",1
"6ec",1
"6f0",1
"6gh",1
"6mj",1
"6sg",1
"6ss",1
"6sw",1
"6tl",1
"6um",1
"6vr",1
"6wz",1
"702",1
"709",1
"70b",1
"712",1
"715",1
"717",1
"719",1
"71a",1
"71e",1
"71f",1
"720",1
"721",1
"727",1
"728",1
"72a",1
"72e",1
"732",1
"738",1
"73a",1
"73f",1
"742",1
"750",1
"755",1
"758",1
"760",1
"768",1
"76c",1
"76f",1
"76v",1
"776",1
"77b",1
"783",1
"787",1
"78b",1
"793",1
"7aj",1
"7c3",1
"7ca",1
"7d5",1
"7d6",1
"7db",1
"7df",1
"7ed",1
"7jd",1
"7n3",1
"7og",1
"7pc",1
"7qe",1
"7t3",1
"7t4",1
"7tf",1
"7uo",1
"7y3",1
"801",1
"805",1
"806",1
"80f",1
"812",1
"813",1
"815",1
"818",1
"822",1
"823",1
"828",1
"829",1
"83a",1
"83t",1
"844",1
"851",1
"852",1
"854",1
"856",1
"861",1
"862",1
"863",1
"867",1
"868",1
"869",1
"872",1
"877",1
"87a",1
"87b",1
"87y",1
"882",1
"884",1
"886",1
"888",1
"889",1
"88a",1
"893",1
"897",1
"898",1
"89c",1
"89d",1
"8aa",1
"8ad",1
"8bf",1
"8bn",1
"8c8",1
"8d9",1
"8e2",1
"8ef",1
"8ff",1
"8fu",1
"8hi",1
"8ne",1
"8on",1
"8te",1
"8tz",1
"8un",1
"8x3",1
"8yo",1
"8yz",1
"902",1
"907",1
"90a",1
"910",1
"918",1
"91b",1
"927",1
"929",1
"92a",1
"934",1
"938",1
"93e",1
"93j",1
"945",1
"949",1
"94a",1
"94b",1
"953",1
"958",1
"95a",1
"967",1
"96a",1
"974",1
"980",1
"981",1
"984",1
"986",1
"987",1
"988",1
"989",1
"990",1
"991",1
"998",1
"9a3",1
"9aa",1
"9as",1
"9c8",1
"9cl",1
"9cm",1
"9db",1
"9de",1
"9e7",1
"9f7",1
"9lx",1
"9m0",1
"9me",1
"9nc",1
"9ul",1
"9vw",1
"9vz",1
"9wd",1
"a10",1
"a18",1
"a1v",1
"a20",1
"a23",1
"a33",1
"a3b",1
"a49",1
"a4f",1
"a56",1
"a76",1
"a95",1
"a9c",1
"a9y",1
"aa5",1
"aad",1
"aaq",1
"aau",1
"abc",1
"abu",1
"ac1",1
"acf",1
"acj",1
"ad3",1
"adj",1
"adn",1
"ae0",1
"ae8",1
"aea",1
"ael",1
"aer",1
"aes",1
"afa",1
"aft",1
"afu",1
"ahc",1
"ahe",1
"ahf",1
"ahg",1
"ahh",1
"ahk",1
"ahm",1
"ahn",1
"ahs",1
"aii",1
"aik",1
"aim",1
"aiq",1
"aka",1
"akh",1
"akk",1
"akp",1
"al2",1
"aly",1
"amf",1
"amg",1
"amk",1
"aml",1
"amn",1
"amr",1
"an1",1
"an2",1
"anj",1
"anm",1
"anz",1
"ap1",1
"ap5",1
"apf",1
"apr",1
"aqq",1
"aqs",1
"aru",1
"arw",1
"arz",1
"asu",1
"asz",1
"at0",1
"at1",1
"at4",1
"ata",1
"atd",1
"atj",1
"atk",1
"atl",1
"atp",1
"aty",1
"aud",1
"aug",1
"auj",1
"aup",1
"aur",1
"avo",1
"avr",1
"avy",1
"aw5",1
"awi",1
"awl",1
"awn",1
"axj",1
"ay1",1
"ayc",1
"ayd",1
"ayf",1
"ayn",1
"ayt",1
"ayw",1
"az8",1
"aza",1
"azc",1
"azi",1
"b0e",1
"b0j",1
"b13",1
"b16",1
"b1s",1
"b37",1
"b3d",1
"b67",1
"b6e",1
"b75",1
"b84",1
"b8f",1
"b8i",1
"baa",1
"bau",1
"bav",1
"bay",1
"bb4",1
"bbb",1
"bbk",1
"bbr",1
"bbs",1
"bcn",1
"bcr",1
"bcz",1
"bda",1
"bdi",1
"be3",1
"beh",1
"bey",1
"bez",1
"bf1",1
"bf9",1
"bfc",1
"bfd",1
"bfk",1
"bfz",1
"bgf",1
"bgy",1
"bhi",1
"bhj",1
"bic",1
"bid",1
"bii",1
"bil",1
"bio",1
"bjs",1
"bk3",1
"bks",1
"bl9",1
"blk",1
"bls",1
"bmu",1
"bna",1
"bnk",1
"bo6",1
"boa",1
"boc",1
"bod",1
"bom",1
"bpa",1
"bpl",1
"bpy",1
"bs4",1
"bsa",1
"bsf",1
"bsg",1
"bsi",1
"bsl",1
"bti",1
"bto",1
"buu",1
"bw1",1
"bw2",1
"bwi",1
"bwk",1
"bxb",1
"bxx",1
"byg",1
"byl",1
"byo",1
"byp",1
"byr",1
"bz3",1
"c0f",1
"c17",1
"c26",1
"c33",1
"c34",1
"c35",1
"c3r",1
"c47",1
"c86",1
"c9r",1
"caa",1
"cab",1
"cac",1
"cag",1
"cay",1
"caz",1
"cbe",1
"cbo",1
"cbv",1
"cc1",1
"cc7",1
"cc8",1
"ccc",1
"ccd",1
"cch",1
"cci",1
"ccm",1
"ccs",1
"cd2",1
"cdd",1
"cdi",1
"cds",1
"ce2",1
"ced",1
"cef",1
"cep",1
"cex",1
"cfc",1
"cg9",1
"cga",1
"cgh",1
"cgv",1
"ch0",1
"chf",1
"chm",1
"chp",1
"cht",1
"chv",1
"cid",1
"cig",1
"cip",1
"cj7",1
"cja",1
"ck0",1
"ck2",1
"ckg",1
"cme",1
"cmm",1
"cmu",1
"cne",1
"coa",1
"coe",1
"coh",1
"coi",1
"cow",1
"cox",1
"coz",1
"cpa",1
"cpj",1
"cpl",1
"cry",1
"csb",1
"csf",1
"csp",1
"ct4",1
"cte",1
"ctr",1
"cts",1
"ctt",1
"cua",1
"cub",1
"cuf",1
"cui",1
"cva",1
"cvi",1
"cvo",1
"cwe",1
"cwi",1
"cxp",1
"cy4",1
"czi",1
"d00",1
"d05",1
"d0c",1
"d18",1
"d1c",1
"d2a",1
"d30",1
"d34",1
"d46",1
"d4c",1
"d4g",1
"d5y",1
"d6d",1
"d6e",1
"d74",1
"d76",1
"d7e",1
"d84",1
"d97",1
"d9b",1
"d9c",1
"da4",1
"da8",1
"dah",1
"dau",1
"dba",1
"dbd",1
"dbi",1
"dbj",1
"dbr",1
"dbu",1
"dby",1
"dc6",1
"dca",1
"dcb",1
"dce",1
"dch",1
"dcl",1
"dcr",1
"dct",1
"dcu",1
"dd6",1
"ddh",1
"dds",1
"ddu",1
"de7",1
"dea",1
"deg",1
"df2",1
"df5",1
"dfa",1
"dfl",1
"dfu",1
"dg1",1
"dgr",1
"dgt",1
"dgv",1
"dhd",1
"dhg",1
"dhi",1
"dhu",1
"dij",1
"dip",1
"diy",1
"dja",1
"djc",1
"dka",1
"dkm",1
"dla",1
"dlv",1
"dlx",1
"dmc",1
"dms",1
"dmu",1
"dno",1
"dnt",1
"dnu",1
"dnv",1
"dob",1
"doe",1
"dop",1
"dov",1
"dox",1
"doz",1
"dpa",1
"dpx",1
"dq0",1
"dro",1
"dry",1
"dsa",1
"dsc",1
"dsi",1
"dsp",1
"dsw",1
"dt8",1
"dtn",1
"dtw",1
"dub",1
"due",1
"dui",1
"dun",1
"dva",1
"dve",1
"dvi",1
"dwa",1
"dwe",1
"dwh",1
"dwi",1
"dwo",1
"dy0",1
"dye",1
"dyh",1
"dyk",1
"dyo",1
"dyt",1
"dyw",1
"dz1",1
"e03",1
"e05",1
"e08",1
"e09",1
"e10",1
"e11",1
"e18",1
"e1l",1
"e1m",1
"e1n",1
"e22",1
"e23",1
"e2c",1
"e4f",1
"e4m",1
"e56",1
"e57",1
"e6e",1
"e70",1
"e78",1
"e89",1
"e94",1
"e99",1
"ea3",1
"ea9",1
"eaf",1
"eap",1
"eb4",1
"ebg",1
"ebp",1
"ebu",1
"ebz",1
"ec6",1
"ecd",1
"ecl",1
"ecp",1
"ecx",1
"ed1",1
"ed4",1
"ed5",1
"edg",1
"edm",1
"edr",1
"edy",1
"ee2",1
"ee9",1
"eeb",1
"eeg",1
"eej",1
"eex",1
"eey",1
"ef3",1
"efa",1
"efi",1
"eft",1
"efy",1
"eg3",1
"eg4",1
"egl",1
"egr",1
"egy",1
"eha",1
"ehe",1
"ehi",1
"ehr",1
"ejo",1
"ejr",1
"ek1",1
"eka",1
"ekd",1
"ekh",1
"ekk",1
"el1",1
"elm",1
"eln",1
"elt",1
"em2",1
"emc",1
"emd",1
"emh",1
"ems",1
"en3",1
"en8",1
"enl",1
"enw",1
"eop",1
"eot",1
"epc",1
"epu",1
"epz",1
"equ",1
"er0",1
"er5",1
"er8",1
"es1",1
"es4",1
"es9",1
"esd",1
"esg",1
"esj",1
"esk",1
"esn",1
"esv",1
"et0",1
"et3",1
"etb",1
"etd",1
"etf",1
"etg",1
"etv",1
"etx",1
"etz",1
"eut",1
"evp",1
"ew1",1
"ewa",1
"ewh",1
"ewl",1
"ewo",1
"ewy",1
"exg",1
"exr",1
"exv",1
"eya",1
"eyb",1
"eyf",1
"eyg",1
"eyr",1
"eyw",1
"ezh",1
"ezs",1
"ezz",1
"f05",1
"f09",1
"f0a",1
"f0d",1
"f0e",1
"f0i",1
"f0x",1
"f1a",1
"f21",1
"f3d",1
"f3g",1
"f3q",1
"f5a",1
"f7f",1
"f7j",1
"f8a",1
"f96",1
"f9e",1
"fa0",1
"faa",1
"fae",1
"fak",1
"fau",1
"fav",1
"fay",1
"faz",1
"fb2",1
"fbe",1
"fbf",1
"fbl",1
"fcf",1
"fch",1
"fcm",1
"fcu",1
"fdi",1
"fdm",1
"fds",1
"fea",1
"fed",1
"fey",1
"ff6",1
"ffa",1
"ffh",1
"ffo",1
"ffr",1
"fft",1
"ffy",1
"fgo",1
"fij",1
"fiv",1
"flc",1
"flu",1
"fnc",1
"fnn",1
"foc",1
"fon",1
"fpz",1
"fsa",1
"fsh",1
"fsl",1
"fsn",1
"fso",1
"fst",1
"fta",1
"ftd",1
"fte",1
"fth",1
"ftj",1
"fto",1
"ftr",1
"fts",1
"ftw",1
"fue",1
"fuf",1
"fuk",1
"fum",1
"fwi",1
"fx3",1
"fxc",1
"fya",1
"fyh",1
"fym",1
"fzw",1
"g00",1
"g04",1
"g0n",1
"g12",1
"g1t",1
"g34",1
"g50",1
"g72",1
"g84",1
"g88",1
"gab",1
"gah",1
"gap",1
"gau",1
"gav",1
"gaz",1
"gbu",1
"gca",1
"gch",1
"gcl",1
"gco",1
"gcu",1
"gd4",1
"gdi",1
"gdr",1
"gdu",1
"gea",1
"geb",1
"geg",1
"gej",1
"gex",1
"gf1",1
"gfa",1
"gfe",1
"gfh",1
"ggp",1
"gho",1
"ghu",1
"gid",1
"gif",1
"gil",1
"gip",1
"giu",1
"giv",1
"gkc",1
"gko",1
"gkw",1
"gl2",1
"gm2",1
"gmx",1
"gne",1
"gnm",1
"gny",1
"goa",1
"gob",1
"god",1
"goe",1
"goi",1
"gpi",1
"gpz",1
"gru",1
"gry",1
"gs4",1
"gsb",1
"gsc",1
"gsh",1
"gsi",1
"gsl",1
"gsm",1
"gsr",1
"gsw",1
"gsy",1
"gtc",1
"gth",1
"gtr",1
"gts",1
"gtu",1
"gui",1
"gum",1
"gup",1
"guw",1
"gv4",1
"gvb",1
"gvc",1
"gvu",1
"gwe",1
"gwo",1
"gxh",1
"gxv",1
"gy6",1
"gyu",1
"gyy",1
"h05",1
"h06",1
"h0f",1
"h16",1
"h1u",1
"ha0",1
"haf",1
"ham",1
"hau",1
"hb4",1
"hbb",1
"hbd",1
"hbe",1
"hbl",1
"hbm",1
"hc6",1
"hch",1
"hcl",1
"hcm",1
"hcy",1
"hdf",1
"hdg",1
"hdh",1
"hdp",1
"hds",1
"heb",1
"hep",1
"hez",1
"hfa",1
"hff",1
"hga",1
"hha",1
"hhe",1
"hih",1
"hje",1
"hjh",1
"hjv",1
"hly",1
"hm1",1
"hmg",1
"hmo",1
"hna",1
"hnp",1
"hoc",1
"hpe",1
"hpp",1
"hra",1
"hrf",1
"hro",1
"hrx",1
"hse",1
"hsi",1
"ht3",1
"ht7",1
"htc",1
"htd",1
"hte",1
"hth",1
"htp",1
"htu",1
"htw",1
"huh",1
"huk",1
"hup",1
"hut",1
"hva",1
"hwe",1
"hws",1
"hya",1
"hyi",1
"hym",1
"i12",1
"i1r",1
"i22",1
"i24",1
"i26",1
"i4u",1
"iac",1
"iae",1
"iaf",1
"iag",1
"iai",1
"iap",1
"ibn",1
"icb",1
"icf",1
"icj",1
"icm",1
"icr",1
"icu",1
"icy",1
"idd",1
"idh",1
"iea",1
"iec",1
"iee",1
"iev",1
"if0",1
"ifa",1
"ifo",1
"ifp",1
"ig2",1
"igm",1
"igr",1
"iha",1
"iig",1
"ijk",1
"iko",1
"iks",1
"ilc",1
"ilk",1
"ilp",1
"ilr",1
"imc",1
"imk",1
"ims",1
"inh",1
"inj",1
"inl",1
"inm",1
"inp",1
"ioi",1
"iol",1
"ios",1
"iov",1
"ipd",1
"ipi",1
"ipl",1
"ipo",1
"ipr",1
"ipz",1
"iqa",1
"irn",1
"isb",1
"isf",1
"isg",1
"it3",1
"itf",1
"itj",1
"itn",1
"itu",1
"ivo",1
"iwa",1
"iwo",1
"ix9",1
"ixg",1
"ixh",1
"ixi",1
"ixs",1
"ixx",1
"izo",1
"izy",1
"izz",1
"j0n",1
"j1j",1
"j20",1
"j2k",1
"j4r",1
"ja5",1
"jag",1
"jai",1
"jan",1
"jar",1
"jas",1
"jat",1
"jav",1
"jay",1
"jbi",1
"jcy",1
"jdm",1
"jea",1
"jef",1
"jek",1
"jem",1
"jep",1
"jer",1
"jet",1
"jew",1
"jfx",1
"jgk",1
"jgo",1
"jhg",1
"jhj",1
"jhz",1
"ji2",1
"jik",1
"jjj",1
"jjk",1
"jkt",1
"jky",1
"jl1",1
"jmj",1
"jmu",1
"jmx",1
"jnb",1
"jog",1
"jol",1
"jom",1
"jp0",1
"jpy",1
"jqw",1
"jrf",1
"jse",1
"jsy",1
"jud",1
"jue",1
"jup",1
"jy4",1
"jyl",1
"jyn",1
"jzf",1
"k02",1
"k03",1
"k0o",1
"k12",1
"k3e",1
"k3n",1
"k3u",1
"k5l",1
"kac",1
"kad",1
"kag",1
"kal",1
"kaz",1
"kbe",1
"kcw",1
"kdp",1
"kea",1
"keb",1
"kep",1
"ket",1
"keu",1
"kev",1
"key",1
"kez",1
"kfa",1
"kfe",1
"kfo",1
"kgr",1
"khe",1
"kho",1
"ki8",1
"kia",1
"kid",1
"kie",1
"kiw",1
"kka",1
"kky",1
"kla",1
"klb",1
"kle",1
"klg",1
"kll",1
"klu",1
"klw",1
"kma",1
"kod",1
"koe",1
"koi",1
"kop",1
"kor",1
"kos",1
"kou",1
"kpc",1
"kpe",1
"kpi",1
"kpl",1
"kro",1
"kry",1
"ksb",1
"kse",1
"ksh",1
"ksl",1
"ksm",1
"kso",1
"kss",1
"ksz",1
"kts",1
"kup",1
"kus",1
"kut",1
"kwa",1
"kwi",1
"kxn",1
"ky4",1
"kya",1
"kyd",1
"kyg",1
"kyn",1
"kyt",1
"kyv",1
"kzi",1
"kzn",1
"l19",1
"l2h",1
"l41",1
"l56",1
"l97",1
"la2",1
"la3",1
"laf",1
"laj",1
"lav",1
"lba",1
"lbi",1
"lbo",1
"lbw",1
"lcl",1
"lcm",1
"lcu",1
"ld4",1
"lda",1
"ldc",1
"ldg",1
"ldh",1
"ldl",1
"ldn",1
"ldp",1
"le2",1
"led",1
"lep",1
"leu",1
"lfh",1
"lfi",1
"lfp",1
"lgb",1
"lho",1
"lks",1
"ll1",1
"llc",1
"llf",1
"llg",1
"llj",1
"lll",1
"lln",1
"llu",1
"llx",1
"lmb",1
"lmf",1
"lmm",1
"lmr",1
"lmu",1
"lnb",1
"lnf",1
"lob",1
"loc",1
"lod",1
"loe",1
"lof",1
"loh",1
"lox",1
"loz",1
"lpi",1
"lpl",1
"lre",1
"ls3",1
"lsi",1
"lsm",1
"lsn",1
"lso",1
"lsp",1
"lss",1
"lsw",1
"lsx",1
"ltf",1
"ltg",1
"lto",1
"lty",1
"lua",1
"lug",1
"luz",1
"lvm",1
"lvo",1
"lvs",1
"lwe",1
"lwm",1
"lwn",1
"lwz",1
"lxg",1
"lxu",1
"lxx",1
"ly1",1
"ly7",1
"lyb",1
"lyg",1
"lyi",1
"lyl",1
"lyr",1
"lza",1
"lzc",1
"lzx",1
"m00",1
"m06",1
"m13",1
"m1v",1
"m20",1
"m28",1
"m4m",1
"m50",1
"ma3",1
"mah",1
"map",1
"maw",1
"mba",1
"mbh",1
"mbi",1
"mbr",1
"mbs",1
"mbz",1
"mca",1
"mch",1
"mcl",1
"mde",1
"mdi",1
"mdn",1
"mdp",1
"mdy",1
"me1",1
"me2",1
"me4",1
"me8",1
"meb",1
"mec",1
"mef",1
"meq",1
"mev",1
"mey",1
"mez",1
"mf1",1
"mfm",1
"mfr",1
"mfu",1
"mgc",1
"mgi",1
"mgu",1
"mh1",1
"mha",1
"mhe",1
"mhu",1
"mi0",1
"mi2",1
"mi4",1
"mib",1
"mig",1
"mim",1
"mke",1
"mkx",1
"mlf",1
"mli",1
"mlk",1
"mlu",1
"mm1",1
"mma",1
"mmf",1
"mmi",1
"mna",1
"mns",1
"mo9",1
"mob",1
"moc",1
"moi",1
"mp3",1
"mpf",1
"mpo",1
"mpu",1
"mpw",1
"mpy",1
"mpz",1
"mra",1
"mrj",1
"mrk",1
"mrl",1
"mrp",1
"mrs",1
"mrw",1
"mry",1
"ms2",1
"ms4",1
"msa",1
"mse",1
"msn",1
"mst",1
"msu",1
"mth",1
"mtn",1
"mto",1
"mtu",1
"muc",1
"muf",1
"muj",1
"muz",1
"mvb",1
"mvz",1
"mwa",1
"mwy",1
"mxm",1
"my4",1
"myj",1
"myn",1
"myo",1
"myv",1
"mza",1
"mzt",1
"n11",1
"n18",1
"n2p",1
"n58",1
"n60",1
"n69",1
"nab",1
"nac",1
"nay",1
"naz",1
"nbc",1
"nbe",1
"nbr",1
"nbu",1
"nc1",1
"nck",1
"ncr",1
"ncy",1
"nd0",1
"nd2",1
"nd4",1
"ndg",1
"ndp",1
"neg",1
"nej",1
"nf4",1
"nfa",1
"nfs",1
"nfx",1
"ng4",1
"ngf",1
"ngg",1
"ngi",1
"ngk",1
"ngr",1
"ngv",1
"nha",1
"nhj",1
"nhu",1
"niq",1
"niv",1
"niz",1
"nja",1
"njb",1
"njk",1
"njp",1
"nkc",1
"nkh",1
"nkr",1
"nkt",1
"nkx",1
"nla",1
"nlu",1
"nmc",1
"nmi",1
"nmy",1
"nmz",1
"no4",1
"nod",1
"noe",1
"noi",1
"noj",1
"nol",1
"noo",1
"nop",1
"noq",1
"now",1
"noy",1
"noz",1
"npa",1
"npe",1
"npz",1
"nra",1
"nri",1
"ns2",1
"nsa",1
"nsm",1
"nsn",1
"nsu",1
"nsz",1
"ntc",1
"ntd",1
"ntf",1
"ntg",1
"ntl",1
"ntp",1
"ntt",1
"ntu",1
"nue",1
"nuf",1
"nui",1
"num",1
"nur",1
"nuu",1
"nuw",1
"nvy",1
"nwa",1
"nwi",1
"nwj",1
"nwo",1
"nws",1
"nxx",1
"ny2",1
"ny6",1
"nye",1
"nyf",1
"nyh",1
"nyt",1
"nyu",1
"nza",1
"nzo",1
"nzp",1
"nzw",1
"nzx",1
"o05",1
"o14",1
"o1o",1
"o61",1
"o69",1
"o6b",1
"o86",1
"o8m",1
"o9c",1
"oba",1
"obb",1
"obj",1
"obl",1
"obu",1
"oc5",1
"oca",1
"occ",1
"oci",1
"oco",1
"ocp",1
"ocs",1
"oct",1
"odd",1
"odl",1
"oef",1
"oes",1
"oev",1
"ofa",1
"ofe",1
"ofl",1
"ofr",1
"ofv",1
"ofw",1
"og4",1
"oge",1
"ogm",1
"oha",1
"ohi",1
"ohn",1
"oid",1
"ojq",1
"okk",1
"olc",1
"olf",1
"olh",1
"oln",1
"om6",1
"omf",1
"omg",1
"omj",1
"omq",1
"oms",1
"on2",1
"onf",1
"onh",1
"onk",1
"ono",1
"onp",1
"onr",1
"onu",1
"ooi",1
"oom",1
"ooz",1
"op1",1
"op4",1
"opl",1
"opn",1
"opt",1
"or9",1
"orr",1
"orv",1
"osb",1
"osi",1
"osj",1
"osu",1
"ota",1
"otn",1
"ouc",1
"oue",1
"ouh",1
"ouv",1
"ov4",1
"ovo",1
"ovr",1
"owa",1
"owf",1
"owg",1
"owi",1
"owq",1
"oxa",1
"oxb",1
"oxf",1
"oxs",1
"oxx",1
"oyo",1
"oyw",1
"oyx",1
"oze",1
"p00",1
"p05",1
"p0r",1
"p20",1
"p4u",1
"p5e",1
"p7o",1
"p87",1
"p91",1
"p96",1
"pad",1
"pay",1
"pbe",1
"pbl",1
"pc3",1
"pcd",1
"pch",1
"pde",1
"pdi",1
"pec",1
"peg",1
"pfd",1
"pfl",1
"pfu",1
"pg8",1
"pgi",1
"phd",1
"phs",1
"phu",1
"pia",1
"piq",1
"pit",1
"piu",1
"pl3",1
"plx",1
"ply",1
"pmx",1
"pnf",1
"poc",1
"pog",1
"pow",1
"ppa",1
"ppp",1
"ppv",1
"ppy",1
"prc",1
"prs",1
"psc",1
"pto",1
"pts",1
"ptu",1
"pu5",1
"puc",1
"puf",1
"pui",1
"pwc",1
"pww",1
"pxf",1
"py3",1
"pyc",1
"pys",1
"q1v",1
"q2y",1
"q3n",1
"qbe",1
"qcb",1
"qeh",1
"qen",1
"qkh",1
"qmn",1
"qs1",1
"qsw",1
"qtc",1
"qts",1
"qul",1
"r00",1
"r11",1
"r14",1
"r1u",1
"r26",1
"r38",1
"r3v",1
"r40",1
"r44",1
"r66",1
"r81",1
"r97",1
"ra0",1
"ra3",1
"ra6",1
"rae",1
"rak",1
"rao",1
"raw",1
"raz",1
"rbb",1
"rbi",1
"rbs",1
"rbt",1
"rca",1
"rcl",1
"rcs",1
"rd9",1
"rdn",1
"re0",1
"reh",1
"rer",1
"reu",1
"rex",1
"rez",1
"rfa",1
"rfi",1
"rfm",1
"rfr",1
"rfx",1
"rgb",1
"rgf",1
"rgr",1
"rha",1
"rhb",1
"rik",1
"riu",1
"riy",1
"rj0",1
"rjo",1
"rkd",1
"rkl",1
"rko",1
"rlf",1
"rlh",1
"rlj",1
"rll",1
"rlr",1
"rlt",1
"rlx",1
"rly",1
"rmc",1
"rmi",1
"rml",1
"rmr",1
"rmy",1
"rn0",1
"rnc",1
"rnf",1
"rnl",1
"rnr",1
"rnt",1
"rnx",1
"ro1",1
"rod",1
"ror",1
"roz",1
"rph",1
"rqu",1
"rr4",1
"rre",1
"rs7",1
"rsb",1
"rsk",1
"rsn",1
"rsu",1
"rsx",1
"rt4",1
"rt8",1
"rtn",1
"rtr",1
"rtw",1
"rub",1
"ruc",1
"rue",1
"rug",1
"ruk",1
"rup",1
"rvd",1
"rvf",1
"rvy",1
"rwa",1
"rwe",1
"rwo",1
"ry0",1
"ryc",1
"ryg",1
"ryl",1
"ryn",1
"ryo",1
"ryp",1
"ryt",1
"ryu",1
"ryz",1
"s01",1
"s05",1
"s06",1
"s12",1
"s22",1
"s2d",1
"s2g",1
"s30",1
"s32",1
"s39",1
"s3n",1
"s3r",1
"s42",1
"s46",1
"s47",1
"s4t",1
"s88",1
"saf",1
"sat",1
"sav",1
"saw",1
"sbb",1
"sbo",1
"scb",1
"sdc",1
"sdg",1
"sdv",1
"sdw",1
"se1",1
"se2",1
"se5",1
"seb",1
"sej",1
"sff",1
"sfi",1
"sge",1
"sgf",1
"shc",1
"shf",1
"shm",1
"shw",1
"sig",1
"sje",1
"sjr",1
"ska",1
"sko",1
"skt",1
"slk",1
"slo",1
"sly",1
"smg",1
"smh",1
"snb",1
"sni",1
"snt",1
"snu",1
"soa",1
"sog",1
"sok",1
"spx",1
"srd",1
"srl",1
"ss3",1
"ssc",1
"ssd",1
"ssf",1
"ssg",1
"ssl",1
"ssn",1
"ssp",1
"ssr",1
"ssu",1
"stc",1
"stf",1
"stg",1
"sth",1
"stp",1
"stt",1
"stv",1
"stz",1
"sud",1
"sue",1
"sum",1
"svo",1
"sw7",1
"swo",1
"swr",1
"sx4",1
"sy3",1
"syd",1
"sye",1
"syg",1
"syh",1
"syj",1
"syl",1
"sym",1
"syn",1
"t00",1
"t01",1
"t08",1
"t0c",1
"t19",1
"t21",1
"t4u",1
"t4w",1
"t69",1
"t81",1
"tab",1
"tad",1
"taj",1
"taw",1
"tax",1
"tbi",1
"tbw",1
"tc2",1
"tcg",1
"tcl",1
"tdo",1
"tdr",1
"te2",1
"tek",1
"tep",1
"tfe",1
"tfz",1
"tge",1
"tgu",1
"thg",1
"ths",1
"tht",1
"ti0",1
"ti2",1
"tig",1
"tik",1
"tir",1
"tiu",1
"tje",1
"tk1",1
"tk2",1
"tk8",1
"tka",1
"tki",1
"tl0",1
"tlc",1
"tls",1
"tly",1
"tnc",1
"tnh",1
"tnt",1
"to6",1
"tob",1
"tok",1
"toq",1
"tot",1
"tp1",1
"tpa",1
"tpl",1
"tq7",1
"tqu",1
"tr3",1
"ts3",1
"tsa",1
"tsc",1
"tsd",1
"tsg",1
"tsh",1
"tsw",1
"tt0",1
"ttr",1
"tts",1
"tu2",1
"tue",1
"tug",1
"tuo",1
"tut",1
"tuv",1
"tvf",1
"tvi",1
"tvj",1
"tvm",1
"tvx",1
"twb",1
"twd",1
"tx0",1
"txt",1
"ty1",1
"tye",1
"tyf",1
"tym",1
"tyn",1
"typ",1
"tyz",1
"tz4",1
"u2c",1
"u2l",1
"u46",1
"u5k",1
"u5o",1
"u6n",1
"u73",1
"u9g",1
"uat",1
"ub9",1
"ubf",1
"ubi",1
"ubp",1
"ubs",1
"ucd",1
"ud9",1
"udg",1
"udo",1
"ueb",1
"uec",1
"uer",1
"uet",1
"ueu",1
"uew",1
"ugg",1
"ugi",1
"ugs",1
"ugu",1
"uha",1
"uhr",1
"uig",1
"uir",1
"ujo",1
"ujq",1
"uju",1
"ukg",1
"ukn",1
"ukt",1
"ulb",1
"uln",1
"ulu",1
"um5",1
"ump",1
"umq",1
"un4",1
"unh",1
"unj",1
"uns",1
"uol",1
"uou",1
"upd",1
"upp",1
"upt",1
"upv",1
"uqt",1
"ur1",1
"urh",1
"urk",1
"urm",1
"uro",1
"uru",1
"urv",1
"usb",1
"usi",1
"uso",1
"usw",1
"ut8",1
"ut9",1
"utb",1
"utk",1
"utn",1
"utr",1
"utu",1
"utw",1
"uug",1
"uum",1
"uus",1
"uwe",1
"uwi",1
"uxd",1
"uy0",1
"uy6",1
"uym",1
"v21",1
"v27",1
"v51",1
"v69",1
"v78",1
"v96",1
"va2",1
"vaf",1
"val",1
"vau",1
"vbm",1
"vd3",1
"vdd",1
"ve2",1
"veg",1
"veh",1
"veo",1
"vh4",1
"vi2",1
"vi5",1
"vib",1
"vig",1
"vii",1
"vil",1
"vim",1
"vio",1
"vis",1
"vit",1
"vla",1
"vli",1
"vne",1
"vni",1
"vo4",1
"vor",1
"vos",1
"vot",1
"vou",1
"vox",1
"vpn",1
"vrl",1
"vro",1
"vsc",1
"vse",1
"vsh",1
"vt3",1
"vtc",1
"vue",1
"vuf",1
"vvb",1
"vwu",1
"vya",1
"vyc",1
"vye",1
"vyt",1
"vzi",1
"w07",1
"w1u",1
"w1w",1
"w6z",1
"wag",1
"wah",1
"wak",1
"wav",1
"wax",1
"wba",1
"wbe",1
"wbo",1
"wca",1
"wco",1
"wd1",1
"wde",1
"wea",1
"wed",1
"wef",1
"weg",1
"wei",1
"wew",1
"wfb",1
"wfi",1
"wfo",1
"wft",1
"wfy",1
"wgi",1
"whw",1
"wie",1
"wig",1
"wiu",1
"wiw",1
"wix",1
"wjv",1
"wla",1
"wly",1
"wms",1
"wna",1
"wne",1
"woh",1
"woi",1
"wol",1
"wow",1
"wrl",1
"wrs",1
"wsg",1
"wsi",1
"wsp",1
"wsu",1
"wto",1
"wtw",1
"wuw",1
"ww2",1
"wwc",1
"wwt",1
"wxh",1
"wy3",1
"wzj",1
"wzm",1
"x05",1
"x06",1
"x07",1
"x10",1
"x1y",1
"x20",1
"x23",1
"x2d",1
"x32",1
"x37",1
"x38",1
"x3l",1
"x40",1
"x45",1
"x4a",1
"x50",1
"x5t",1
"x67",1
"xaa",1
"xav",1
"xaw",1
"xax",1
"xbs",1
"xc5",1
"xca",1
"xcy",1
"xdi",1
"xeb",1
"xee",1
"xel",1
"xey",1
"xf6",1
"xfa",1
"xfb",1
"xfp",1
"xfy",1
"xhi",1
"xho",1
"xic",1
"xii",1
"xis",1
"xjl",1
"xky",1
"xla",1
"xld",1
"xlj",1
"xlo",1
"xlq",1
"xlw",1
"xm1",1
"xm6",1
"xmg",1
"xn5",1
"xnf",1
"xnl",1
"xnv",1
"xog",1
"xor",1
"xot",1
"xpa",1
"xpc",1
"xpr",1
"xpu",1
"xqg",1
"xqq",1
"xra",1
"xre",1
"xrp",1
"xs4",1
"xsh",1
"xsi",1
"xso",1
"xth",1
"xtu",1
"xwo",1
"xxa",1
"xxc",1
"xxe",1
"xxp",1
"xxy",1
"xy3",1
"xya",1
"xyc",1
"xyk",1
"xyr",1
"xys",1
"xzd",1
"y01",1
"y0h",1
"y1y",1
"y69",1
"y73",1
"y80",1
"y87",1
"y93",1
"yab",1
"yae",1
"ybb",1
"ybg",1
"ybi",1
"ybr",1
"ybu",1
"yca",1
"ycd",1
"yce",1
"ych",1
"ycr",1
"ydn",1
"ydr",1
"ydu",1
"yel",1
"yem",1
"yen",1
"yfa",1
"ygf",1
"yh2",1
"yi4",1
"yiv",1
"yja",1
"yji",1
"yju",1
"yjy",1
"yk7",1
"yka",1
"yku",1
"yle",1
"ylp",1
"ymp",1
"ymw",1
"ynd",1
"yne",1
"ynj",1
"yol",1
"yoy",1
"ype",1
"ypi",1
"ypn",1
"ypr",1
"yqu",1
"yri",1
"yrk",1
"ysg",1
"ysn",1
"ysr",1
"yta",1
"yte",1
"yth",1
"yto",1
"ytw",1
"yua",1
"yva",1
"ywl",1
"yxc",1
"yxi",1
"yyv",1
"yzc",1
"yzt",1
"z1s",1
"z33",1
"z4c",1
"z4o",1
"z54",1
"z6b",1
"z95",1
"za2",1
"zab",1
"zad",1
"zag",1
"zai",1
"zba",1
"zbe",1
"zbk",1
"zcw",1
"zde",1
"zdu",1
"zdy",1
"ze1",1
"ze3",1
"zec",1
"zem",1
"zeo",1
"zer",1
"zes",1
"zeu",1
"zfe",1
"zg1",1
"zgv",1
"zho",1
"zhz",1
"zia",1
"zig",1
"zij",1
"zil",1
"zis",1
"zit",1
"zje",1
"zk5",1
"zlh",1
"zlm",1
"zm2",1
"zma",1
"zmg",1
"zmt",1
"zne",1
"znm",1
"zo4",1
"zoa",1
"zol",1
"zon",1
"zor",1
"zox",1
"zra",1
"zsg",1
"zsl",1
"zte",1
"zud",1
"zui",1
"zuu",1
"zuw",1
"zvo",1
"zw2",1
"zwa",1
"zwd",1
"zxc",1
"zy4",1
"zyk",1
"zyp",1
"zyy",1
"zza",1
"zzb",1
"zzc",1
"zzi",1
"zzl",1
"zzm",1
